{"dataset":"tartanground","display":"TartanGround (synthetic)","scene":"ModularNeighborhoodIntExt","traj_a":"P1000_diff_front","traj_b":"P1003_diff_right","posesA":[[[1.0,-0.0,0.0,0.0],[0.0,1.0,-0.0,0.0],[-0.0,0.0,1.0,-0.0],[0.0,0.0,0.0,1.0]],[[0.973209,-0.002641,0.229908,0.098917],[0.00767,0.99975,-0.020981,0.004033],[-0.229795,0.022183,0.972986,0.477167],[0.0,0.0,0.0,1.0]],[[0.949644,0.004638,0.313296,0.311451],[0.010452,0.998865,-0.046469,0.041968],[-0.313156,0.047404,0.948518,1.040948],[0.0,0.0,0.0,1.0]],[[0.947963,0.012432,0.318139,0.61578],[0.010621,0.997446,-0.070624,-0.058501],[-0.318204,0.070327,0.94541,1.851291],[0.0,0.0,0.0,1.0]],[[0.965781,0.01076,0.259135,0.976508],[0.008652,0.997246,-0.073653,-0.178608],[-0.259214,0.073374,0.963029,2.916029],[0.0,0.0,0.0,1.0]]],"posesB":[[[1.0,-0.0,0.0,0.0],[-0.0,1.0,-0.0,0.0],[0.0,0.0,1.0,-0.0],[0.0,0.0,0.0,1.0]],[[0.99984,0.006411,0.016727,-1.459263],[-0.006413,0.999979,8e-05,-0.016689],[-0.016727,-0.000188,0.99986,0.001995],[0.0,0.0,0.0,1.0]],[[0.997505,0.007199,-0.07023,-3.401932],[-0.00724,0.999974,-0.000337,0.015544],[0.070226,0.000845,0.997531,0.01235],[0.0,0.0,0.0,1.0]],[[0.941968,-0.006517,-0.33564,-4.980373],[0.006344,0.999979,-0.001611,0.014075],[0.335643,-0.000612,0.941989,-0.28965],[0.0,0.0,0.0,1.0]],[[0.839692,-0.011747,-0.542937,-5.423487],[0.012304,0.999921,-0.002606,0.023008],[0.542924,-0.004492,0.83977,-0.552319],[0.0,0.0,0.0,1.0]]],"T_rel_pred":[[0.81034,4e-06,-0.585959,4.127151],[-5e-06,1.0,-0.0,-0.176207],[0.585959,3e-06,0.81034,4.111629],[0.0,0.0,0.0,1.0]],"T_rel_gt":[[0.809937,0.003887,-0.586504,4.166552],[-0.024361,0.999338,-0.027018,-0.161656],[0.586011,0.036171,0.809495,4.121987],[0.0,0.0,0.0,1.0]],"errors":{"rot_deg":2.085,"trans_m":0.0433,"gt_rot":35.96,"gt_trans":5.863,"overlap":0.2549},"ply_a":"tartanground_A.ply","ply_b":"tartanground_B.ply","n_cams":5,"n_points_a":53668,"n_points_b":51398,"pred_posesA":[[[1.0,0.0,0.0,0.0],[0.0,1.0,0.0,0.0],[0.0,0.0,1.0,0.0],[0.0,0.0,0.0,1.0]],[[0.974147,-2e-06,0.225916,0.141317],[2e-06,1.0,1e-06,-0.005655],[-0.225916,-0.0,0.974147,0.499389],[0.0,0.0,0.0,1.0]],[[0.950964,-4e-06,0.309301,0.372115],[4e-06,1.0,0.0,-0.00545],[-0.309301,1e-06,0.950964,1.06836],[0.0,0.0,0.0,1.0]],[[0.948948,-4e-06,0.315432,0.643218],[4e-06,1.0,0.0,-0.043723],[-0.315432,1e-06,0.948948,1.920579],[0.0,0.0,0.0,1.0]],[[0.96868,-2e-06,0.248311,1.037078],[2e-06,1.0,0.0,-0.179127],[-0.248311,0.0,0.96868,3.002772],[0.0,0.0,0.0,1.0]]],"pred_posesB_in_a0":[[[0.81034,4e-06,-0.585959,4.127151],[-5e-06,1.0,-0.0,-0.176207],[0.585959,3e-06,0.81034,4.111629],[0.0,0.0,0.0,1.0]],[[0.814834,-0.0,-0.579694,3.019873],[0.0,1.0,-0.0,-0.126669],[0.579694,-0.0,0.814834,3.297805],[0.0,0.0,0.0,1.0]],[[0.760585,-2e-06,-0.649239,1.500945],[2e-06,1.0,-1e-06,-0.091893],[0.649239,-1e-06,0.760585,2.23985],[0.0,0.0,0.0,1.0]],[[0.570502,-1e-06,-0.821296,0.370104],[2e-06,1.0,0.0,-0.089872],[0.821296,-1e-06,0.570502,0.972686],[0.0,0.0,0.0,1.0]],[[0.370481,2e-06,-0.92884,0.155088],[-2e-06,1.0,1e-06,-0.064131],[0.92884,2e-06,0.370481,0.453772],[0.0,0.0,0.0,1.0]]]}